{"cameraMode":{"drawMode":0,"name":"Shaded","section":"Shading Mode"},"sceneLighting":true,"audioPlay":false,"sceneViewState":{"m_AlwaysRefresh":false,"showFog":true,"showSkybox":true,"showFlares":true,"showImageEffects":true,"showParticleSystems":true,"showVisualEffectGraphs":true,"m_FxEnabled":true},"in2DMode":false,"pivot":{"x":-4.482346057891846,"y":-5.129061698913574,"z":40.377967834472659},"rotation":{"x":0.2044999748468399,"y":-0.11133261024951935,"z":0.023387756198644639,"w":0.9722612500190735},"size":24.661670684814454,"orthographic":false}