{"cameraMode":{"drawMode":0,"name":"Shaded","section":"Shading Mode"},"sceneLighting":true,"audioPlay":false,"sceneViewState":{"m_AlwaysRefresh":false,"showFog":true,"showSkybox":true,"showFlares":true,"showImageEffects":true,"showParticleSystems":true,"showVisualEffectGraphs":true,"m_FxEnabled":true},"in2DMode":false,"pivot":{"x":-5.426323890686035,"y":-36.656246185302737,"z":46.170501708984378},"rotation":{"x":-0.4368671476840973,"y":0.09441225975751877,"z":-0.04615604504942894,"w":-0.8933847546577454},"size":31.648069381713868,"orthographic":false}